{"pesos_ih": [[-0.7394287371310486, -0.8825743028774446, -0.9982383779346755, 0.9740312533835227, 0.3400450403623838], [0.10089270180860543, 0.008247357912763098, 0.02510704979223788, 0.15660418608607907, -0.3128393339668667], [0.3465053235714015, -0.17601467608388677, -1.2955113910412739, -0.6474271584958959, 0.8848553261696631], [0.5159804202802949, 0.666608282397523, -0.3494431745109342, -0.7722665573981093, 0.9999502080239253], [-0.44084794655854287, 0.7429023980269853, 0.6236544684592067, -1.2110916570147248, 0.018313822410242597], [0.7540749806505008, -0.47860334380765646, 0.06771193033533551, 0.9962082079815864, 0.0828358786487986]], "pesos_ho": [[0.9592269254686989, 0.40076343155975847, 0.6829548461704946, -0.6266959023534562, 0.5650381198945409, 0.45336969753006096], [-0.35692864789625955, -0.3595776132826203, -0.3442575126245515, 0.536599365752197, 0.7616679214663211, -0.9708607859396945]]}